measure_id,measure_name,location_id,location_name,sex_id,sex_name,age_id,age_name,cause_id,cause_name,metric_id,metric_name,year,val,upper,lower
2,DALYs (Disability-Adjusted Life Years),527,California,3,Both,22,All Ages,410,Neoplasms,1,Number,2019,1572317.0338206792,1822253.4638036445,1349194.6351347459
2,DALYs (Disability-Adjusted Life Years),527,California,3,Both,22,All Ages,410,Neoplasms,2,Percent,2019,0.13892980173861755,0.15913730344223742,0.11814088789282859
2,DALYs (Disability-Adjusted Life Years),527,California,3,Both,22,All Ages,410,Neoplasms,3,Rate,2019,3943.408241896879,4570.254709081768,3383.811998261544
2,DALYs (Disability-Adjusted Life Years),527,California,3,Both,22,All Ages,491,Cardiovascular diseases,1,Number,2019,1646335.46866343,1894694.596176534,1425799.622198402
2,DALYs (Disability-Adjusted Life Years),527,California,3,Both,22,All Ages,491,Cardiovascular diseases,2,Percent,2019,0.14541145492924692,0.16451053029286267,0.12599950438212465
2,DALYs (Disability-Adjusted Life Years),527,California,3,Both,22,All Ages,491,Cardiovascular diseases,3,Rate,2019,4129.048223995106,4751.938779346808,3575.9391143961116
2,DALYs (Disability-Adjusted Life Years),527,California,3,Both,22,All Ages,508,Chronic respiratory diseases,1,Number,2019,650857.1231240967,753494.9823896546,563462.1545858051
2,DALYs (Disability-Adjusted Life Years),527,California,3,Both,22,All Ages,508,Chronic respiratory diseases,2,Percent,2019,0.057412874274944625,0.06228318592848918,0.052232632578649525
2,DALYs (Disability-Adjusted Life Years),527,California,3,Both,22,All Ages,508,Chronic respiratory diseases,3,Rate,2019,1632.3650309811335,1889.783205212155,1413.1763865658481
2,DALYs (Disability-Adjusted Life Years),527,California,3,Both,22,All Ages,542,Neurological disorders,1,Number,2019,651991.2042674747,1049806.3937014407,380192.0034479644
2,DALYs (Disability-Adjusted Life Years),527,California,3,Both,22,All Ages,542,Neurological disorders,2,Percent,2019,0.05727468677728209,0.08983329951353781,0.03488128784538231
2,DALYs (Disability-Adjusted Life Years),527,California,3,Both,22,All Ages,542,Neurological disorders,3,Rate,2019,1635.2093332634233,2632.939220443787,953.5305206589645
2,DALYs (Disability-Adjusted Life Years),527,California,3,Both,22,All Ages,344,Neglected tropical diseases and malaria,1,Number,2019,10085.861247061912,18256.941546931143,5026.569602570476
2,DALYs (Disability-Adjusted Life Years),527,California,3,Both,22,All Ages,344,Neglected tropical diseases and malaria,2,Percent,2019,0.0008884883109188254,0.0015738954451061961,0.0004455160055356805
2,DALYs (Disability-Adjusted Life Years),527,California,3,Both,22,All Ages,344,Neglected tropical diseases and malaria,3,Rate,2019,25.29557812628034,45.78884043064359,12.606755236301415
2,DALYs (Disability-Adjusted Life Years),527,California,3,Both,22,All Ages,558,Mental disorders,1,Number,2019,856180.1069852338,1113740.1303898718,643660.0999927035
2,DALYs (Disability-Adjusted Life Years),527,California,3,Both,22,All Ages,558,Mental disorders,2,Percent,2019,0.07521727685818572,0.0897778451681128,0.06087798131022559
2,DALYs (Disability-Adjusted Life Years),527,California,3,Both,22,All Ages,558,Mental disorders,3,Rate,2019,2147.3199220067645,2793.286541479792,1614.314727051974
2,DALYs (Disability-Adjusted Life Years),527,California,3,Both,22,All Ages,653,Skin and subcutaneous diseases,1,Number,2019,273510.40662972233,383078.4670954553,188457.44026050164
2,DALYs (Disability-Adjusted Life Years),527,California,3,Both,22,All Ages,653,Skin and subcutaneous diseases,2,Percent,2019,0.024012129787133994,0.03166281377456329,0.01803013036048433
2,DALYs (Disability-Adjusted Life Years),527,California,3,Both,22,All Ages,653,Skin and subcutaneous diseases,3,Rate,2019,685.970557176592,960.7698396338359,472.6557094940235
2,DALYs (Disability-Adjusted Life Years),527,California,3,Both,22,All Ages,696,Unintentional injuries,1,Number,2019,415262.2951292034,532931.4859835886,320750.9946283019
2,DALYs (Disability-Adjusted Life Years),527,California,3,Both,22,All Ages,696,Unintentional injuries,2,Percent,2019,0.03651605922597919,0.042918164545329894,0.031246991892714463
2,DALYs (Disability-Adjusted Life Years),527,California,3,Both,22,All Ages,696,Unintentional injuries,3,Rate,2019,1041.4876401754207,1336.6047489082393,804.4510671873338
2,DALYs (Disability-Adjusted Life Years),527,California,3,Both,22,All Ages,386,Nutritional deficiencies,1,Number,2019,39360.881925945934,57568.749549706685,26723.948256447802
2,DALYs (Disability-Adjusted Life Years),527,California,3,Both,22,All Ages,386,Nutritional deficiencies,2,Percent,2019,0.0034545863252251675,0.004665328932880534,0.0025337031708916164
2,DALYs (Disability-Adjusted Life Years),527,California,3,Both,22,All Ages,386,Nutritional deficiencies,3,Rate,2019,98.71802114738621,144.3837830201246,67.02429315697471
2,DALYs (Disability-Adjusted Life Years),527,California,3,Both,22,All Ages,973,Substance use disorders,1,Number,2019,671527.9392676651,805965.7080377641,546519.4413531822
2,DALYs (Disability-Adjusted Life Years),527,California,3,Both,22,All Ages,973,Substance use disorders,2,Percent,2019,0.059166697609388974,0.06730670574114948,0.051602060138347526
2,DALYs (Disability-Adjusted Life Years),527,California,3,Both,22,All Ages,973,Substance use disorders,3,Rate,2019,1684.2079258896774,2021.3810239270433,1370.6836617753079
2,DALYs (Disability-Adjusted Life Years),527,California,3,Both,22,All Ages,974,Diabetes and kidney diseases,1,Number,2019,665566.805394998,789965.1216516008,548727.8181692327
2,DALYs (Disability-Adjusted Life Years),527,California,3,Both,22,All Ages,974,Diabetes and kidney diseases,2,Percent,2019,0.058594766506421675,0.06297458104637503,0.05449391349613686
2,DALYs (Disability-Adjusted Life Years),527,California,3,Both,22,All Ages,974,Diabetes and kidney diseases,3,Rate,2019,1669.2572613997047,1981.2511755102416,1376.2223229678705
2,DALYs (Disability-Adjusted Life Years),527,California,3,Both,22,All Ages,669,Sense organ diseases,1,Number,2019,318667.8189969928,442317.9424205998,222171.0939604515
2,DALYs (Disability-Adjusted Life Years),527,California,3,Both,22,All Ages,669,Sense organ diseases,2,Percent,2019,0.027966327843623448,0.03559493095334834,0.02160214924591156
2,DALYs (Disability-Adjusted Life Years),527,California,3,Both,22,All Ages,669,Sense organ diseases,3,Rate,2019,799.2264135219967,1109.3438423431803,557.2103489243319
2,DALYs (Disability-Adjusted Life Years),527,California,3,Both,22,All Ages,688,Transport injuries,1,Number,2019,278979.8570939152,317679.1811810932,239242.5695455855
2,DALYs (Disability-Adjusted Life Years),527,California,3,Both,22,All Ages,688,Transport injuries,2,Percent,2019,0.024606998403809883,0.026884310225818997,0.02264915491897153
2,DALYs (Disability-Adjusted Life Years),527,California,3,Both,22,All Ages,688,Transport injuries,3,Rate,2019,699.6880680698837,796.7468865388184,600.0260127349401
2,DALYs (Disability-Adjusted Life Years),527,California,3,Both,22,All Ages,955,HIV/AIDS and sexually transmitted infections,1,Number,2019,49693.779587079065,63272.39489263112,40065.577808839764
2,DALYs (Disability-Adjusted Life Years),527,California,3,Both,22,All Ages,955,HIV/AIDS and sexually transmitted infections,2,Percent,2019,0.004387461862802153,0.005456544235581319,0.0035447049618033844
2,DALYs (Disability-Adjusted Life Years),527,California,3,Both,22,All Ages,955,HIV/AIDS and sexually transmitted infections,3,Rate,2019,124.63317243247788,158.68866019841903,100.48541505895734
2,DALYs (Disability-Adjusted Life Years),527,California,3,Both,22,All Ages,956,Respiratory infections and tuberculosis,1,Number,2019,173758.24032492528,206975.9603292101,146991.8431496685
2,DALYs (Disability-Adjusted Life Years),527,California,3,Both,22,All Ages,956,Respiratory infections and tuberculosis,2,Percent,2019,0.015328045435420526,0.01736592243820119,0.013314335716825783
2,DALYs (Disability-Adjusted Life Years),527,California,3,Both,22,All Ages,956,Respiratory infections and tuberculosis,3,Rate,2019,435.78976901992706,519.1005950329321,368.6590129723959
2,DALYs (Disability-Adjusted Life Years),527,California,3,Both,22,All Ages,957,Enteric infections,1,Number,2019,45162.615120725924,56383.19956240896,35292.277374702324
2,DALYs (Disability-Adjusted Life Years),527,California,3,Both,22,All Ages,957,Enteric infections,2,Percent,2019,0.003971317818054691,0.004471926275285804,0.0035312320104563776
2,DALYs (Disability-Adjusted Life Years),527,California,3,Both,22,All Ages,957,Enteric infections,3,Rate,2019,113.2689049739054,141.41039566214997,88.51386487655671
2,DALYs (Disability-Adjusted Life Years),527,California,3,Both,22,All Ages,961,Other infectious diseases,1,Number,2019,25385.943579501814,34623.65913141825,20413.9975517138
2,DALYs (Disability-Adjusted Life Years),527,California,3,Both,22,All Ages,961,Other infectious diseases,2,Percent,2019,0.0022412728841144395,0.0030752600996481745,0.0018592771977945684
2,DALYs (Disability-Adjusted Life Years),527,California,3,Both,22,All Ages,961,Other infectious diseases,3,Rate,2019,63.668545838036145,86.83695453688932,51.19878781690539
2,DALYs (Disability-Adjusted Life Years),527,California,3,Both,22,All Ages,962,Maternal and neonatal disorders,1,Number,2019,151074.29488687712,170237.8230441724,133493.80254177828
2,DALYs (Disability-Adjusted Life Years),527,California,3,Both,22,All Ages,962,Maternal and neonatal disorders,2,Percent,2019,0.013369187720287152,0.015684696646797464,0.011201288275744866
2,DALYs (Disability-Adjusted Life Years),527,California,3,Both,22,All Ages,962,Maternal and neonatal disorders,3,Rate,2019,378.89789831254694,426.9604793657254,334.8056084504909
2,DALYs (Disability-Adjusted Life Years),527,California,3,Both,22,All Ages,717,Self-harm and interpersonal violence,1,Number,2019,337725.36943214067,390402.8784582704,287782.7003939484
2,DALYs (Disability-Adjusted Life Years),527,California,3,Both,22,All Ages,717,Self-harm and interpersonal violence,2,Percent,2019,0.02983546906254589,0.03455185659338329,0.025422160649963697
2,DALYs (Disability-Adjusted Life Years),527,California,3,Both,22,All Ages,717,Self-harm and interpersonal violence,3,Rate,2019,847.0231999459866,979.1396362549303,721.7658068940474
2,DALYs (Disability-Adjusted Life Years),527,California,3,Both,22,All Ages,526,Digestive diseases,1,Number,2019,404969.2857575567,467447.41603342275,343758.44407134666
2,DALYs (Disability-Adjusted Life Years),527,California,3,Both,22,All Ages,526,Digestive diseases,2,Percent,2019,0.0357328673889146,0.03992091183354769,0.031482236989563026
2,DALYs (Disability-Adjusted Life Years),527,California,3,Both,22,All Ages,526,Digestive diseases,3,Rate,2019,1015.67252966209,1172.3691554497468,862.1542935769019
2,DALYs (Disability-Adjusted Life Years),527,California,3,Both,22,All Ages,626,Musculoskeletal disorders,1,Number,2019,1564571.2182709344,2047569.1590343232,1127377.5162615736
2,DALYs (Disability-Adjusted Life Years),527,California,3,Both,22,All Ages,626,Musculoskeletal disorders,2,Percent,2019,0.1373152871021213,0.16440953719581222,0.11258262458569052
2,DALYs (Disability-Adjusted Life Years),527,California,3,Both,22,All Ages,626,Musculoskeletal disorders,3,Rate,2019,3923.981553625975,5135.351792233205,2827.48942721316
2,DALYs (Disability-Adjusted Life Years),527,California,3,Both,22,All Ages,640,Other non-communicable diseases,1,Number,2019,549735.5239703079,694739.0682058937,435030.09505022486
2,DALYs (Disability-Adjusted Life Years),527,California,3,Both,22,All Ages,640,Other non-communicable diseases,2,Percent,2019,0.04836694213496056,0.057049569872478625,0.04157292992563122
2,DALYs (Disability-Adjusted Life Years),527,California,3,Both,22,All Ages,640,Other non-communicable diseases,3,Rate,2019,1378.7496729080474,1742.4219852618698,1091.065749078371
3,YLDs (Years Lived with Disability),527,California,3,Both,22,All Ages,410,Neoplasms,1,Number,2019,116237.34331699829,159840.435541436,78773.34563437896
3,YLDs (Years Lived with Disability),527,California,3,Both,22,All Ages,410,Neoplasms,2,Percent,2019,0.019489630030203244,0.023618661936452946,0.015743526334241444
3,YLDs (Years Lived with Disability),527,California,3,Both,22,All Ages,410,Neoplasms,3,Rate,2019,291.52600130434337,400.88358603534226,197.5654106230522
3,YLDs (Years Lived with Disability),527,California,3,Both,22,All Ages,526,Digestive diseases,1,Number,2019,93393.92500156649,129832.03578569427,65117.66189011102
3,YLDs (Years Lived with Disability),527,California,3,Both,22,All Ages,526,Digestive diseases,2,Percent,2019,0.015649884232642318,0.019521427326422005,0.012788541370556319
3,YLDs (Years Lived with Disability),527,California,3,Both,22,All Ages,526,Digestive diseases,3,Rate,2019,234.2341688554649,325.62181097501787,163.31663339329089
3,YLDs (Years Lived with Disability),527,California,3,Both,22,All Ages,542,Neurological disorders,1,Number,2019,414152.68233813107,762800.3659340189,183030.34910893807
3,YLDs (Years Lived with Disability),527,California,3,Both,22,All Ages,542,Neurological disorders,2,Percent,2019,0.06911060174764558,0.11470447784479389,0.03187512463170282
3,YLDs (Years Lived with Disability),527,California,3,Both,22,All Ages,542,Neurological disorders,3,Rate,2019,1038.7047050983927,1913.1213268336514,459.0444367568727
3,YLDs (Years Lived with Disability),527,California,3,Both,22,All Ages,640,Other non-communicable diseases,1,Number,2019,363531.7293789263,507383.8444721882,247994.23451123986
3,YLDs (Years Lived with Disability),527,California,3,Both,22,All Ages,640,Other non-communicable diseases,2,Percent,2019,0.060858484415217455,0.07541021544743906,0.049872247627575354
3,YLDs (Years Lived with Disability),527,California,3,Both,22,All Ages,640,Other non-communicable diseases,3,Rate,2019,911.7461599588448,1272.5306608394505,621.9753950882051
3,YLDs (Years Lived with Disability),527,California,3,Both,22,All Ages,653,Skin and subcutaneous diseases,1,Number,2019,264279.0804023016,374460.66846581636,179852.01311435335
3,YLDs (Years Lived with Disability),527,California,3,Both,22,All Ages,653,Skin and subcutaneous diseases,2,Percent,2019,0.044289566669106946,0.05647728841786638,0.034912652711593876
3,YLDs (Years Lived with Disability),527,California,3,Both,22,All Ages,653,Skin and subcutaneous diseases,3,Rate,2019,662.8181730544187,939.1561972117685,451.07309504463086
3,YLDs (Years Lived with Disability),527,California,3,Both,22,All Ages,344,Neglected tropical diseases and malaria,1,Number,2019,9637.440097454843,17770.267828696513,4610.4143484499455
3,YLDs (Years Lived with Disability),527,California,3,Both,22,All Ages,344,Neglected tropical diseases and malaria,2,Percent,2019,0.0016252922632842546,0.003101854519063368,0.0007822636909739505
3,YLDs (Years Lived with Disability),527,California,3,Both,22,All Ages,344,Neglected tropical diseases and malaria,3,Rate,2019,24.170927296221915,44.568251255356486,11.56302803389374
3,YLDs (Years Lived with Disability),527,California,3,Both,22,All Ages,558,Mental disorders,1,Number,2019,855885.0768322152,1113449.05954801,643391.9765533742
3,YLDs (Years Lived with Disability),527,California,3,Both,22,All Ages,558,Mental disorders,2,Percent,2019,0.14370381016280193,0.1633417583819363,0.12302821634097223
3,YLDs (Years Lived with Disability),527,California,3,Both,22,All Ages,558,Mental disorders,3,Rate,2019,2146.5799794175805,2792.556528936466,1613.6422671359687
3,YLDs (Years Lived with Disability),527,California,3,Both,22,All Ages,386,Nutritional deficiencies,1,Number,2019,34668.95118225663,52653.27550486539,22163.352521580462
3,YLDs (Years Lived with Disability),527,California,3,Both,22,All Ages,386,Nutritional deficiencies,2,Percent,2019,0.005799317163487677,0.00793617004102614,0.004236874220575516
3,YLDs (Years Lived with Disability),527,California,3,Both,22,All Ages,386,Nutritional deficiencies,3,Rate,2019,86.95054806969897,132.0556580654801,55.586211382121455
3,YLDs (Years Lived with Disability),527,California,3,Both,22,All Ages,669,Sense organ diseases,1,Number,2019,318667.81899699284,442317.9424205998,222171.09396045157
3,YLDs (Years Lived with Disability),527,California,3,Both,22,All Ages,669,Sense organ diseases,2,Percent,2019,0.053386743553669916,0.06472942782336108,0.044332151548517405
3,YLDs (Years Lived with Disability),527,California,3,Both,22,All Ages,669,Sense organ diseases,3,Rate,2019,799.226413521997,1109.3438423431803,557.2103489243323
3,YLDs (Years Lived with Disability),527,California,3,Both,22,All Ages,508,Chronic respiratory diseases,1,Number,2019,353598.68795185426,432088.8674307258,275926.0047940767
3,YLDs (Years Lived with Disability),527,California,3,Both,22,All Ages,508,Chronic respiratory diseases,2,Percent,2019,0.0596101528075224,0.06849353501724052,0.05166283053778452
3,YLDs (Years Lived with Disability),527,California,3,Both,22,All Ages,508,Chronic respiratory diseases,3,Rate,2019,886.8338575490458,1083.6890807687719,692.0289344030198
3,YLDs (Years Lived with Disability),527,California,3,Both,22,All Ages,955,HIV/AIDS and sexually transmitted infections,1,Number,2019,19514.652154406045,32699.429815979645,9802.382486194074
3,YLDs (Years Lived with Disability),527,California,3,Both,22,All Ages,955,HIV/AIDS and sexually transmitted infections,2,Percent,2019,0.0032671124444761572,0.004966222432959867,0.0018516071955053282
3,YLDs (Years Lived with Disability),527,California,3,Both,22,All Ages,955,HIV/AIDS and sexually transmitted infections,3,Rate,2019,48.94320832767375,82.01094198434355,24.584606701330124
3,YLDs (Years Lived with Disability),527,California,3,Both,22,All Ages,956,Respiratory infections and tuberculosis,1,Number,2019,49870.486935375025,76599.61338239147,30635.646560251414
3,YLDs (Years Lived with Disability),527,California,3,Both,22,All Ages,956,Respiratory infections and tuberculosis,2,Percent,2019,0.008340946347697413,0.01144893643583181,0.005725661885988995
3,YLDs (Years Lived with Disability),527,California,3,Both,22,All Ages,956,Respiratory infections and tuberculosis,3,Rate,2019,125.07635863391502,192.11363881508856,76.8349248548009
3,YLDs (Years Lived with Disability),527,California,3,Both,22,All Ages,957,Enteric infections,1,Number,2019,28895.114313690632,39314.65700517281,20045.688110522628
3,YLDs (Years Lived with Disability),527,California,3,Both,22,All Ages,957,Enteric infections,2,Percent,2019,0.004828810282418192,0.005508190835791424,0.004259928266307797
3,YLDs (Years Lived with Disability),527,California,3,Both,22,All Ages,957,Enteric infections,3,Rate,2019,72.46962888793303,98.60208795475592,50.2750590429237
3,YLDs (Years Lived with Disability),527,California,3,Both,22,All Ages,961,Other infectious diseases,1,Number,2019,5162.3340295814905,7570.3558224171475,3366.0564634526113
3,YLDs (Years Lived with Disability),527,California,3,Both,22,All Ages,961,Other infectious diseases,2,Percent,2019,0.000862881398294377,0.0010964312342296475,0.0006597351304037423
3,YLDs (Years Lived with Disability),527,California,3,Both,22,All Ages,961,Other infectious diseases,3,Rate,2019,12.947255624528276,18.98663113231688,8.44214908008378
3,YLDs (Years Lived with Disability),527,California,3,Both,22,All Ages,962,Maternal and neonatal disorders,1,Number,2019,63860.59904537872,82163.39434837436,48875.04436443479
3,YLDs (Years Lived with Disability),527,California,3,Both,22,All Ages,962,Maternal and neonatal disorders,2,Percent,2019,0.010835848645332435,0.01432044397291511,0.008125347328941492
3,YLDs (Years Lived with Disability),527,California,3,Both,22,All Ages,962,Maternal and neonatal disorders,3,Rate,2019,160.16389010051225,206.067732833934,122.57976516444016
3,YLDs (Years Lived with Disability),527,California,3,Both,22,All Ages,491,Cardiovascular diseases,1,Number,2019,243641.62666765696,311234.2852424926,176875.6485628718
3,YLDs (Years Lived with Disability),527,California,3,Both,22,All Ages,491,Cardiovascular diseases,2,Percent,2019,0.040902362983052734,0.04570669988500135,0.03595102441689107
3,YLDs (Years Lived with Disability),527,California,3,Both,22,All Ages,491,Cardiovascular diseases,3,Rate,2019,611.0589518551114,780.5829353662689,443.6083024800668
3,YLDs (Years Lived with Disability),527,California,3,Both,22,All Ages,688,Transport injuries,1,Number,2019,89661.00265743723,118708.20790329197,65481.90063155712
3,YLDs (Years Lived with Disability),527,California,3,Both,22,All Ages,688,Transport injuries,2,Percent,2019,0.015020332874838433,0.016818451756355123,0.013280236683970482
3,YLDs (Years Lived with Disability),527,California,3,Both,22,All Ages,688,Transport injuries,3,Rate,2019,224.8719114852512,297.7229880217899,164.2301527562061
3,YLDs (Years Lived with Disability),527,California,3,Both,22,All Ages,696,Unintentional injuries,1,Number,2019,303548.5031126233,425059.0849638803,212528.24733595827
3,YLDs (Years Lived with Disability),527,California,3,Both,22,All Ages,696,Unintentional injuries,2,Percent,2019,0.050854962310899324,0.06258800839175836,0.04232874642099147
3,YLDs (Years Lived with Disability),527,California,3,Both,22,All Ages,696,Unintentional injuries,3,Rate,2019,761.3068123297445,1066.0582203747083,533.0258619306543
3,YLDs (Years Lived with Disability),527,California,3,Both,22,All Ages,626,Musculoskeletal disorders,1,Number,2019,1541996.506081657,2026824.2880090033,1108492.4809783576
3,YLDs (Years Lived with Disability),527,California,3,Both,22,All Ages,626,Musculoskeletal disorders,2,Percent,2019,0.2583175385709785,0.2901451582354164,0.23102041370756982
3,YLDs (Years Lived with Disability),527,California,3,Both,22,All Ages,626,Musculoskeletal disorders,3,Rate,2019,3867.363642485415,5083.323165932852,2780.1253128631533
3,YLDs (Years Lived with Disability),527,California,3,Both,22,All Ages,973,Substance use disorders,1,Number,2019,395536.5356491971,514311.09661267494,280272.400290298
3,YLDs (Years Lived with Disability),527,California,3,Both,22,All Ages,973,Substance use disorders,2,Percent,2019,0.06649819978652038,0.0812437933642373,0.05220109839990744
3,YLDs (Years Lived with Disability),527,California,3,Both,22,All Ages,973,Substance use disorders,3,Rate,2019,992.0149696910764,1289.9043727543522,702.9297969222622
3,YLDs (Years Lived with Disability),527,California,3,Both,22,All Ages,974,Diabetes and kidney diseases,1,Number,2019,363623.3300584761,482242.5627451531,260235.67476795107
3,YLDs (Years Lived with Disability),527,California,3,Both,22,All Ages,974,Diabetes and kidney diseases,2,Percent,2019,0.06089604681181382,0.06868707338658006,0.054081142228582055
3,YLDs (Years Lived with Disability),527,California,3,Both,22,All Ages,974,Diabetes and kidney diseases,3,Rate,2019,911.9758966257702,1209.4757327036605,652.6772162620822
3,YLDs (Years Lived with Disability),527,California,3,Both,22,All Ages,717,Self-harm and interpersonal violence,1,Number,2019,34844.57560579711,46281.26380377769,25045.454547266298
3,YLDs (Years Lived with Disability),527,California,3,Both,22,All Ages,717,Self-harm and interpersonal violence,2,Percent,2019,0.0058514744980965525,0.006975871376243429,0.004929001279876253
3,YLDs (Years Lived with Disability),527,California,3,Both,22,All Ages,717,Self-harm and interpersonal violence,3,Rate,2019,87.39101827028256,116.07450228134806,62.81459130653142
1,Deaths,527,California,3,Both,22,All Ages,491,Cardiovascular diseases,1,Number,2019,94370.74295489694,109141.64347072334,79474.86968665
1,Deaths,527,California,3,Both,22,All Ages,491,Cardiovascular diseases,2,Percent,2019,0.33496835495266325,0.35799845495574406,0.2942444144353975
1,Deaths,527,California,3,Both,22,All Ages,491,Cardiovascular diseases,3,Rate,2019,236.68405134426288,273.7298185664172,199.32484950853714
1,Deaths,527,California,3,Both,22,All Ages,508,Chronic respiratory diseases,1,Number,2019,19361.800482669696,23173.719304932038,15384.296140793183
1,Deaths,527,California,3,Both,22,All Ages,508,Chronic respiratory diseases,2,Percent,2019,0.06872265000581594,0.07726106891235335,0.05647206432710482
1,Deaths,527,California,3,Both,22,All Ages,508,Chronic respiratory diseases,3,Rate,2019,48.55985272626035,58.120235128671965,38.58417793132248
1,Deaths,527,California,3,Both,22,All Ages,653,Skin and subcutaneous diseases,1,Number,2019,535.0579526716429,1242.044650004705,348.1806486760904
1,Deaths,527,California,3,Both,22,All Ages,653,Skin and subcutaneous diseases,2,Percent,2019,0.0018985966487900443,0.0043141841261007605,0.0012973875417915052
1,Deaths,527,California,3,Both,22,All Ages,653,Skin and subcutaneous diseases,3,Rate,2019,1.3419379775659572,3.1150773058349275,0.8732452871301076
1,Deaths,527,California,3,Both,22,All Ages,688,Transport injuries,1,Number,2019,4315.577557201679,5036.087338501107,3640.752295587941
1,Deaths,527,California,3,Both,22,All Ages,688,Transport injuries,2,Percent,2019,0.01530303411434371,0.016423593541814968,0.014252814930499026
1,Deaths,527,California,3,Both,22,All Ages,688,Transport injuries,3,Rate,2019,10.823570400595939,12.630625942721133,9.131092712415327
1,Deaths,527,California,3,Both,22,All Ages,973,Substance use disorders,1,Number,2019,6398.281128695819,7767.605319261654,5218.718330865431
1,Deaths,527,California,3,Both,22,All Ages,973,Substance use disorders,2,Percent,2019,0.022678534984510442,0.025395882720489767,0.020414561622031785
1,Deaths,527,California,3,Both,22,All Ages,973,Substance use disorders,3,Rate,2019,16.047040128772128,19.481337527296606,13.088668783334036
1,Deaths,527,California,3,Both,22,All Ages,974,Diabetes and kidney diseases,1,Number,2019,17434.070671613754,20421.7182645428,14662.793671977119
1,Deaths,527,California,3,Both,22,All Ages,974,Diabetes and kidney diseases,2,Percent,2019,0.06185974266653647,0.06660026038473768,0.05535533621808582
1,Deaths,527,California,3,Both,22,All Ages,974,Diabetes and kidney diseases,3,Rate,2019,43.72506084806254,51.218151546960016,36.77463270546906
1,Deaths,527,California,3,Both,22,All Ages,386,Nutritional deficiencies,1,Number,2019,389.50996003979037,465.675460248955,316.7512810120382
1,Deaths,527,California,3,Both,22,All Ages,386,Nutritional deficiencies,2,Percent,2019,0.0013833118324043723,0.001599201499710748,0.0011346664154756934
1,Deaths,527,California,3,Both,22,All Ages,386,Nutritional deficiencies,3,Rate,2019,0.9769001757803337,1.1679250485079253,0.7944196910078909
1,Deaths,527,California,3,Both,22,All Ages,410,Neoplasms,1,Number,2019,72872.43290999079,84657.08766982504,62079.78921451083
1,Deaths,527,California,3,Both,22,All Ages,410,Neoplasms,2,Percent,2019,0.2584939856060309,0.2719234092824076,0.2405927486485996
1,Deaths,527,California,3,Both,22,All Ages,410,Neoplasms,3,Rate,2019,182.76578219473058,212.32197455812135,155.69757700128253
1,Deaths,527,California,3,Both,22,All Ages,542,Neurological disorders,1,Number,2019,21072.200662542098,44628.79125541538,9584.57537120716
1,Deaths,527,California,3,Both,22,All Ages,542,Neurological disorders,2,Percent,2019,0.074819140825344,0.1537239875497269,0.03459007649385444
1,Deaths,527,California,3,Both,22,All Ages,542,Neurological disorders,3,Rate,2019,52.84957675848119,111.93006211657693,24.03834131470128
1,Deaths,527,California,3,Both,22,All Ages,344,Neglected tropical diseases and malaria,1,Number,2019,17.285822522991502,23.377717854550962,7.423042899477416
1,Deaths,527,California,3,Both,22,All Ages,344,Neglected tropical diseases and malaria,2,Percent,2019,6.139024218165557e-05,8.148920854234957e-05,2.6763046950894145e-05
1,Deaths,527,California,3,Both,22,All Ages,344,Neglected tropical diseases and malaria,3,Rate,2019,0.04335325099130455,0.05863186830734934,0.01861716684365059
1,Deaths,527,California,3,Both,22,All Ages,626,Musculoskeletal disorders,1,Number,2019,1043.1713511802163,1724.3972932319566,788.3284793931136
1,Deaths,527,California,3,Both,22,All Ages,626,Musculoskeletal disorders,2,Percent,2019,0.003701733038280816,0.005945524403921142,0.0028091444803892843
1,Deaths,527,California,3,Both,22,All Ages,626,Musculoskeletal disorders,3,Rate,2019,2.616298377152815,4.324829122986597,1.9771464380862172
1,Deaths,527,California,3,Both,22,All Ages,640,Other non-communicable diseases,1,Number,2019,6753.348774539953,7870.02268846824,5699.251844174625
1,Deaths,527,California,3,Both,22,All Ages,640,Other non-communicable diseases,2,Percent,2019,0.02397783707877918,0.026492254944104145,0.02091933009166437
1,Deaths,527,California,3,Both,22,All Ages,640,Other non-communicable diseases,3,Rate,2019,16.937558167395867,19.73820270725414,14.293858179703102
1,Deaths,527,California,3,Both,22,All Ages,558,Mental disorders,1,Number,2019,5.456346301136015,7.531477753514244,3.8914123843851027
1,Deaths,527,California,3,Both,22,All Ages,558,Mental disorders,2,Percent,2019,1.9337355962732856e-05,2.5693851467587358e-05,1.4502721821404688e-05
1,Deaths,527,California,3,Both,22,All Ages,558,Mental disorders,3,Rate,2019,0.013684645342967944,0.018889124017630095,0.00975975413299119
1,Deaths,527,California,3,Both,22,All Ages,717,Self-harm and interpersonal violence,1,Number,2019,6728.162647118793,7966.677359777374,5632.65827431948
1,Deaths,527,California,3,Both,22,All Ages,717,Self-harm and interpersonal violence,2,Percent,2019,0.023852123964971324,0.02574037802291532,0.021926777305566605
1,Deaths,527,California,3,Both,22,All Ages,717,Self-harm and interpersonal violence,3,Rate,2019,16.87439076520044,19.980614904832446,14.126839934288569
1,Deaths,527,California,3,Both,22,All Ages,955,HIV/AIDS and sexually transmitted infections,1,Number,2019,790.7774794991046,831.060627544665,753.2141154910039
1,Deaths,527,California,3,Both,22,All Ages,955,HIV/AIDS and sexually transmitted infections,2,Percent,2019,0.002818408015104455,0.0032277324344759492,0.0024411344302624417
1,Deaths,527,California,3,Both,22,All Ages,955,HIV/AIDS and sexually transmitted infections,3,Rate,2019,1.9832885881708575,2.084319674520165,1.8890787843993098
1,Deaths,527,California,3,Both,22,All Ages,956,Respiratory infections and tuberculosis,1,Number,2019,8718.303797074142,10352.955649885636,7261.568574024769
1,Deaths,527,California,3,Both,22,All Ages,956,Respiratory infections and tuberculosis,2,Percent,2019,0.03095607929755163,0.03464022619270595,0.02636278361751153
1,Deaths,527,California,3,Both,22,All Ages,956,Respiratory infections and tuberculosis,3,Rate,2019,21.86571175483687,25.965457194435057,18.21218542314317
1,Deaths,527,California,3,Both,22,All Ages,957,Enteric infections,1,Number,2019,1121.2630986213262,1367.5380850904023,913.1613172185852
1,Deaths,527,California,3,Both,22,All Ages,957,Enteric infections,2,Percent,2019,0.003980909142709045,0.004609461752598616,0.0033289532269293338
1,Deaths,527,California,3,Both,22,All Ages,957,Enteric infections,3,Rate,2019,2.8121543234151885,3.4298178038236613,2.290230142550163
1,Deaths,527,California,3,Both,22,All Ages,961,Other infectious diseases,1,Number,2019,678.9662158098425,966.0355700622779,533.5514069740989
1,Deaths,527,California,3,Both,22,All Ages,961,Other infectious diseases,2,Percent,2019,0.002407109878461189,0.0033040220754532016,0.0020400077626778236
1,Deaths,527,California,3,Both,22,All Ages,961,Other infectious diseases,3,Rate,2019,1.702863299068876,2.4228400169985105,1.3381595253882494
1,Deaths,527,California,3,Both,22,All Ages,962,Maternal and neonatal disorders,1,Number,2019,1014.8863466588517,1130.7937555801889,896.7901514905275
1,Deaths,527,California,3,Both,22,All Ages,962,Maternal and neonatal disorders,2,Percent,2019,0.003615927878131861,0.004198854757620534,0.0030609858299529636
1,Deaths,527,California,3,Both,22,All Ages,962,Maternal and neonatal disorders,3,Rate,2019,2.54535891802821,2.8360574360787676,2.2491708723948256
1,Deaths,527,California,3,Both,22,All Ages,526,Digestive diseases,1,Number,2019,13220.868106592892,15467.77384039748,11111.821187562748
1,Deaths,527,California,3,Both,22,All Ages,526,Digestive diseases,2,Percent,2019,0.0468849289527739,0.04968057163385535,0.04348202848203841
1,Deaths,527,California,3,Both,22,All Ages,526,Digestive diseases,3,Rate,2019,33.15824934484301,38.7935419727679,27.868709879102408
1,Deaths,527,California,3,Both,22,All Ages,696,Unintentional injuries,1,Number,2019,4958.778996855448,5841.047361660505,4226.1346037018
1,Deaths,527,California,3,Both,22,All Ages,696,Unintentional injuries,2,Percent,2019,0.0175968635186532,0.01900129901071985,0.01579321133054115
1,Deaths,527,California,3,Both,22,All Ages,696,Unintentional injuries,3,Rate,2019,12.43673479668933,14.649484685229863,10.599245361545814
